product_slug,variant_label,ram_gb,storage_gb,price_ksh,stock,market,warranty
samsung-galaxy-a06,"4GB RAM, 64GB storage",4,64,15000,0,EA,EA warranty
samsung-galaxy-a06,"4GB RAM, 128GB storage",4,128,18000,0,EA,EA warranty
samsung-galaxy-a07,"4GB RAM, 64GB storage",4,64,17500,0,EA,EA warranty
samsung-galaxy-a07,"6GB RAM, 128GB storage",6,128,20500,0,EA,EA warranty
samsung-galaxy-a07,"8GB RAM, 256GB storage",8,256,26500,0,Dubai,1 year
samsung-galaxy-a07s,"4GB RAM, 64GB storage",4,64,19500,0,EA,EA warranty
samsung-galaxy-a07s,"4GB RAM, 128GB storage",4,128,23000,0,EA,EA warranty
samsung-galaxy-a07s,"4GB RAM, 64GB storage",4,64,19800,0,Dubai,1 year
samsung-galaxy-a16,"4GB RAM, 128GB storage",4,128,21000,0,EA,EA warranty
samsung-galaxy-a16,"4GB RAM, 128GB storage",4,128,21000,0,Dubai,1 year
samsung-galaxy-a16,"6GB RAM, 128GB storage",6,128,24500,0,Dubai,1 year
samsung-galaxy-a17,"4GB RAM, 128GB storage",4,128,23000,0,EA,EA warranty
samsung-galaxy-a17,"6GB RAM, 128GB storage",6,128,26500,0,EA,EA warranty
samsung-galaxy-a17,"6GB RAM, 128GB storage, 4G",6,128,26500,0,Dubai,1 year
samsung-galaxy-a17,"8GB RAM, 256GB storage, 4G",8,256,31600,0,Dubai,1 year
samsung-galaxy-a17,"8GB RAM, 256GB storage, 5G",8,256,35200,0,Dubai,1 year
samsung-galaxy-a26,"8GB RAM, 256GB storage",8,256,36500,0,EA,EA warranty
samsung-galaxy-a26,"6GB RAM, 128GB storage",6,128,31200,0,Dubai,1 year
samsung-galaxy-a26,"8GB RAM, 256GB storage",8,256,38300,0,Dubai,1 year
samsung-galaxy-a27,"6GB RAM, 128GB storage",6,128,34500,0,EA,EA warranty
samsung-galaxy-a27,"8GB RAM, 256GB storage",8,256,41500,0,EA,EA warranty
samsung-galaxy-a27,"6GB RAM, 128GB storage",6,128,33500,0,Dubai,1 year
samsung-galaxy-a27,"8GB RAM, 256GB storage",8,256,41400,0,Dubai,1 year
samsung-galaxy-a36,"6GB RAM, 128GB storage",6,128,34000,0,Dubai,1 year
samsung-galaxy-a36,"8GB RAM, 256GB storage",8,256,40000,0,Dubai,1 year
samsung-galaxy-a37,"6GB RAM, 128GB storage",6,128,41000,0,EA,EA warranty
samsung-galaxy-a37,"8GB RAM, 256GB storage",8,256,44000,0,EA,EA warranty
samsung-galaxy-a37,"6GB RAM, 128GB storage",6,128,41000,0,Dubai,1 year
samsung-galaxy-a37,"8GB RAM, 128GB storage",8,128,43800,0,Dubai,1 year
samsung-galaxy-a37,"12GB RAM, 256GB storage",12,256,46500,0,Dubai,1 year
samsung-galaxy-a37,"8GB RAM, 256GB storage",8,256,49000,0,Dubai,1 year
samsung-galaxy-a56,"8GB RAM, 256GB storage",8,256,49500,0,EA,EA warranty
samsung-galaxy-a56,"8GB RAM, 128GB storage",8,128,44500,0,Dubai,1 year
samsung-galaxy-a56,"8GB RAM, 256GB storage",8,256,48000,0,Dubai,1 year
samsung-galaxy-a56,"12GB RAM, 256GB storage",12,256,52500,0,Dubai,1 year
samsung-galaxy-a57,"8GB RAM, 128GB storage",8,128,46000,0,EA,EA warranty
samsung-galaxy-a57,"8GB RAM, 256GB storage",8,256,53500,0,EA,EA warranty
samsung-galaxy-a57,"8GB RAM, 128GB storage",8,128,50000,0,Dubai,1 year
samsung-galaxy-a57,"8GB RAM, 256GB storage",8,256,53500,0,Dubai,1 year
samsung-galaxy-a57,"12GB RAM, 256GB storage",12,256,59500,0,Dubai,1 year
samsung-galaxy-f06,"4GB RAM, 128GB storage",4,128,21600,0,Dubai,1 year
samsung-galaxy-f23,"6GB RAM, 128GB storage",6,128,31900,0,Dubai,1 year
samsung-galaxy-flip-7,256GB storage,,256,113000,0,Dubai,1 year
samsung-galaxy-flip-7,512GB storage,,512,122500,0,Dubai,1 year
samsung-galaxy-flip-8,"12GB RAM, 256GB storage",12,256,137000,0,EA,EA warranty
samsung-galaxy-fold-7,"12GB RAM, 256GB storage",12,256,184000,0,EA,EA warranty
samsung-galaxy-fold-7,"12GB RAM, 256GB storage",12,256,170000,0,Dubai,1 year
samsung-galaxy-fold-8-ultra,"12GB RAM, 256GB storage",12,256,201000,0,EA,EA warranty
samsung-galaxy-fold-8-ultra,"12GB RAM, 512GB storage",12,512,223000,0,EA,EA warranty
samsung-galaxy-fold-8-ultra,"16GB RAM, 1TB storage",16,1024,277000,0,EA,EA warranty
samsung-galaxy-z-fold-8-wide,"12GB RAM, 512GB storage",12,512,206000,0,EA,EA warranty
samsung-galaxy-z-fold-8-wide,"12GB RAM, 256GB storage",12,256,193000,0,EA,EA warranty
samsung-galaxy-z-fold-8-wide,"16GB RAM, 1TB storage",16,1024,273000,0,EA,EA warranty
samsung-galaxy-m04,64GB storage,,64,15200,0,Dubai,1 year
samsung-galaxy-m07,"4GB RAM, 64GB storage",4,64,18200,0,Dubai,1 year
samsung-galaxy-m17,"4GB RAM, 128GB storage",4,128,24500,0,Dubai,1 year
samsung-galaxy-m17,"6GB RAM, 128GB storage",6,128,28500,0,Dubai,1 year
samsung-galaxy-m17e,"4GB RAM, 128GB storage",4,128,23600,0,Dubai,1 year
samsung-galaxy-m17e,"6GB RAM, 128GB storage",6,128,26500,0,Dubai,1 year
samsung-galaxy-m36,"6GB RAM, 128GB storage",6,128,34500,0,Dubai,1 year
samsung-galaxy-s23-fe,256GB storage,,256,60500,0,Dubai,1 year
samsung-galaxy-s24,128GB storage,,128,62500,0,Dubai,1 year
samsung-galaxy-s25,"12GB RAM, 128GB storage",12,128,82000,0,Dubai,1 year
samsung-galaxy-s25-fe,256GB storage,,256,75000,0,Dubai,1 year
samsung-galaxy-s25-ultra,"12GB RAM, 256GB storage",12,256,111000,0,EA,EA warranty
samsung-galaxy-s25-ultra,"12GB RAM, 512GB storage",12,512,126000,0,EA,EA warranty
samsung-galaxy-s25-ultra,"12GB RAM, 256GB storage",12,256,107000,0,Dubai,1 year
samsung-galaxy-s25-ultra,"12GB RAM, 512GB storage",12,512,129000,0,Dubai,1 year
samsung-galaxy-s26-fe,"8GB RAM, 256GB storage",8,256,88000,0,EA,EA warranty
samsung-galaxy-s26,"12GB RAM, 256GB storage",12,256,104000,0,EA,EA warranty
samsung-galaxy-s26,"12GB RAM, 512GB storage",12,512,107999,0,Dubai,1 year
samsung-galaxy-s26,"8GB RAM, 256GB storage",8,256,103000,0,Dubai,1 year
samsung-galaxy-s26-plus,"12GB RAM, 256GB storage",12,256,111000,0,EA,EA warranty
samsung-galaxy-s26-plus,"12GB RAM, 256GB storage",12,256,111000,0,Dubai,1 year
samsung-galaxy-s26-plus,"12GB RAM, 512GB storage",12,512,127000,0,Dubai,1 year
samsung-galaxy-s26-ultra,"12GB RAM, 256GB storage",12,256,128000,0,EA,EA warranty
samsung-galaxy-s26-ultra,"12GB RAM, 512GB storage",12,512,148000,0,EA,EA warranty
samsung-galaxy-s26-ultra,256GB storage,,256,124500,0,Dubai,1 year
apple-iphone-16e,128GB storage,,128,70000,0,Standard,24 months / 6 months screen
apple-iphone-16-plus,"128GB storage, Black",,128,104500,0,Standard,24 months / 6 months screen
apple-iphone-16-plus,"128GB storage, Pink",,128,112500,0,Standard,24 months / 6 months screen
apple-iphone-16-plus,"128GB storage, Blue",,128,111500,0,Standard,24 months / 6 months screen
apple-iphone-16-plus,"128GB storage, White",,128,111500,0,Standard,24 months / 6 months screen
apple-iphone-16-plus,256GB storage,,256,119000,0,Standard,24 months / 6 months screen
apple-iphone-17,256GB storage,,256,140000,0,Standard,24 months / 6 months screen
apple-iphone-17,"256GB storage, eSIM only",,256,128000,0,eSIM-only,1 year Apple warranty
apple-iphone-17-air,"256GB storage, eSIM",,256,122000,0,Standard,24 months / 6 months screen
apple-iphone-17-air,"512GB storage, eSIM",,512,146000,0,Standard,24 months / 6 months screen
apple-iphone-17-air,256GB storage,,256,126000,0,eSIM-only,1 year Apple warranty
apple-iphone-17-pro,1TB storage,,1024,228000,0,Standard,24 months / 6 months screen
apple-iphone-17-pro,"256GB storage, Blue Orange",,256,162000,0,Standard,24 months / 6 months screen
apple-iphone-17-pro,"256GB storage, White",,256,169000,0,Standard,24 months / 6 months screen
apple-iphone-17-pro,"512GB storage, Blue Orange",,512,194000,0,Standard,24 months / 6 months screen
apple-iphone-17-pro,"512GB storage, White",,512,195000,0,Standard,24 months / 6 months screen
apple-iphone-17-pro,256GB storage,,256,159000,0,eSIM-only,1 year Apple warranty
apple-iphone-17-pro,512GB storage,,512,184000,0,eSIM-only,1 year Apple warranty
apple-iphone-17-pro,1TB storage,,1024,213000,0,eSIM-only,1 year Apple warranty
apple-iphone-17-pro-max,"1TB storage, Blue Orange",,1024,235000,0,Standard,24 months / 6 months screen
apple-iphone-17-pro-max,"1TB storage, White",,1024,239000,0,Standard,24 months / 6 months screen
apple-iphone-17-pro-max,"256GB storage, Blue Orange",,256,171000,0,Standard,24 months / 6 months screen
apple-iphone-17-pro-max,"256GB storage, White",,256,179000,0,Standard,24 months / 6 months screen
apple-iphone-17-pro-max,"2TB storage, Orange",,2048,302000,0,Standard,24 months / 6 months screen
apple-iphone-17-pro-max,512GB storage,,512,209000,0,Standard,24 months / 6 months screen
apple-iphone-17-pro-max,256GB storage,,256,171500,0,eSIM-only,1 year Apple warranty
apple-iphone-17-pro-max,512GB storage,,512,194000,0,eSIM-only,1 year Apple warranty
apple-iphone-17-pro-max,1TB storage,,1024,218000,0,eSIM-only,1 year Apple warranty
apple-iphone-18-pro,256GB storage,,256,215000,0,Standard,24 months / 6 months screen
apple-iphone-18-pro,512GB storage,,512,250000,0,Standard,24 months / 6 months screen
apple-iphone-18-pro-max,"256GB storage, Black Glacier Silver",,256,280000,0,Standard,24 months / 6 months screen
apple-iphone-18-pro-max,"256GB storage, Burgundy",,256,285000,0,Standard,24 months / 6 months screen
apple-iphone-18-pro-max,"512GB storage, Black Glacier Silver",,512,310000,0,Standard,24 months / 6 months screen
apple-iphone-18-pro-max,"512GB storage, Burgundy",,512,318000,0,Standard,24 months / 6 months screen
apple-iphone-18-pro-max,"256GB storage, eSIM",,256,258000,0,eSIM-only,1 year Apple warranty
apple-iphone-18-pro-max,"256GB storage, eSIM Burgundy",,256,275000,0,eSIM-only,1 year Apple warranty
apple-iphone-18-pro-max,"512GB storage, eSIM",,512,288000,0,eSIM-only,1 year Apple warranty
nothing-phone-3a,"12GB RAM, 256GB storage",12,256,47500,0,Standard,1 year
nothing-phone-3a,"8GB RAM, 128GB storage",8,128,36000,0,Standard,1 year
nothing-phone-4a,"12GB RAM, 256GB storage",12,256,61500,0,Standard,1 year
nothing-phone-4a,"8GB RAM, 128GB storage",8,128,46000,0,Standard,1 year
nothing-phone-4a,"8GB RAM, 256GB storage",8,256,52500,0,Standard,1 year
nothing-phone-4b,"8GB RAM, 128GB storage",8,128,49000,0,Standard,1 year
nothing-phone-4a-pro,"12GB RAM, 256GB storage",12,256,80000,0,Standard,1 year
